,0
0,giant flower
1,uhd candid
2,Colour Caravaggio
3,a half
4,Larry David
5,a long
6,full body
7,a fat
8,a highly
9,concept art
10,shiny aluminum rocket
11,water with lotus
12,photo of a
13,"Star Wars architecture,"
14,portrait of Jenna
15,headshot of jennifer
16,marvel rocket racoon
17,A DJ playing
18,A young male
19,"anime visual, portrait"
20,Star Wars themed concept
21,Larry David as Anakin
22,pink floyd by annie
23,an amazing award winning
24,"two bears making sandwiches,"
25,an elaborate empty floating
26,sobriety art by michael
27,kim kardashian acting like
28,portrait of a 3
29,bearded jedi building legos
30,a beautiful and detailed picture
31,professional photo of giant scifi
32,superhero spiderman in the style
33,Larry David as Anakin Skywalker
34,a beautiful flower field made
35,a budgie swimming in the
36,"a full head photoshot, detailed"
37,a blue cow standing in
38,attractive goth woman with a
39,"mr bean in star wars,"
40,"sharp, highly detailed, film from a"
41,"an oil on canvas painting, polycount,"
42,three japanese men wearing beige suits
43,award winning emotional heartbreaking full body
44,a 3 d render of star
45,"beautiful oil painting, snowy woodland meadow,"
46,a godlike and indomitable helmeted samurai
47,portrait of a 3 0 years
48,star wars portrait of a rutger
49,"portrait, nightmare anomalies, flowers by miyazaki,"
50,A hyper realistic ultra realistic photograph of
51,women made of twigs and colorful flowers
52,symmetry!! stunning portrait of harley quinn!! by
53,the white lady with long hairs and
54,hyperrealism close - up mythological portrait of
55,"the source of future growth dramatic, elaborate"
56,"a drunk santa crying, no sobriety, shopping"
57,shiny aluminum rocket ship in cosmic space
58,portrait of a sexy girl pilot of
59,full-body baroque and cyberpunk style sculpture of
60,women made of twigs and colorful flowers hugging
61,a beautiful and detailed picture of a field
62,"Icon of a flower, line art, vector illustration,"
63,"cosmic rays of holy light, photorealistic beautiful portrait"
64,"two bears making sandwiches, photorealistic, very detailed, award"
65,"zelensky vs putin, jedi battle in the style"
66,perfume bottle in a artistic enchanted flower garden
67,The portrait of sarcastic men with fish tails
68,vhs 1 9 8 0 s footage of
69,award winning emotional heartbreaking full body photo of
70,"jennifer lawrence as elsa in live action disney frozen,"
71,A beautiful oil painting of a birch tree standing
72,"a half otter half man creature holding a microphone,anthropomorphic,Character"
73,Oil painting - She Eats of the Strangling Fruit
74,"a countryside in spring, green hills and blue sky"
75,hyperrealism close - up mythological portrait of a medieval
76,"glamorous and sexy japanese schoolgirl, beautiful, pearlescent skin, natural"
77,"Palace of the occult, mediterranean balustrade and columns, refracted"
78,"a drunk santa crying, no sobriety, shopping mall, highly"
79,a photographic portrait of a anthropomorphic bioluminescent water wave
80,"a countryside in spring, green hills and blue sky with"
81,"glamorous and sexy japanese schoolgirl, beautiful, pearlescent skin, natural beauty,"
82,"kodak portra 4 0 0, wetplate, 8 mm extreme fisheye,"
83,"gold and silver tones, star wars warrior princess, style of"
84,Painting of a clean shaven triple H with long white
85,"a countryside in spring, green hills and blue sky with"
86,"ultra detailed photorealistic cyberpunk alien base, in the dream, cinematic"
87,"medieval cyberpunk knight in a scenic cyberpunk environment, armor inspired"
88,portrait of a 3 0 years old frenchman in 2
89,three japanese men wearing beige suits and black pants standing
90,a detailed 3 d render of a frightening egyptian demon wearing
91,"epic poppy flowers painting by stanley artgerm, dramatic lighting, ilya kuvshinov,"
92,"shiny aluminum rocket ship in cosmic space by tim hildebrandt, wayne"
93,a pixel art 8 - bit artwork of a sandworm on
94,"A DJ playing in front of a crow of old people,"
95,"star wars the force awakens film still, closeup on a stormtrooper,"
96,"bearded jedi building legos with prosthetic hands, star wars, legos, sci-fi"
97,"giant daisy flower as head, girl sitting in a flower field,"
98,"Jennifer Lawrence, closeup, D&D, fantasy, intricate, elegant, highly detailed, digital painting,"
99,"nuclear fusion, volumetric lighting, octane beautifully detailed render extremely hyper -"
100,"superhero spiderman in the style of Darth Vader from Star Wars, realism,"
101,"Jennifer Lawrence, closeup, D&D, fantasy, intricate, elegant, highly detailed, digital painting, artstation,"
102,hyperrealism close - up mythological portrait of a medieval womans shattered face
103,"Palace of the occult, mediterranean balustrade and columns, refracted sparkles, thunderstorm, greek"
104,an anthropomorphic robot bear holding an avocado and offering it to the
105,"ultra - detailed cinematic render, of a lightsaber hilt, that lies vertically"
106,"beautiful eyes raining flowers bodhisattva, praying meditating, elegant, portrait art by greg"
107,"shiny aluminum rocket ship in cosmic space by tim hildebrandt, wayne barlowe,"
108,a beautiful portrait of Saoirse Ronans face as she appeared in Lady
109,A hyper realistic ultra realistic photograph of Gene Siskel with ten thumbs
110,professional digital art of a full-body view of a stylish young adult man
111,a portrait of milla jovovich and david bowie as barbarella wearing a rocknroll
112,"super mario, kirby, sonic the hedgehog, super smash bros, star wars themed movie"
113,A closeup portrait of a lone solitary cerulean and brown decaying futuristic robot
114,"portrait of pain akatsuki from naruto shippuden, orange hair, purple eye, highly detailed,"
115,"closeup, giant flower head, girl standing on cliff, surreal photography, sunrise, blue sky,"
116,"full body portrait of shakira, thin but strong viking samurai woman, symmetrical beautiful"
117,"epic poppy flowers painting by stanley artgerm, dramatic lighting, ilya kuvshinov, trending on"
118,"the platonic ideal of flowers, rotting, insects and praying hands in namaskara mudra"
119,Colour Caravaggio style Photography of Highly detailed beautiful Woman with 1000 years perfect
120,"an orgy of colorful, beautiful flesh - eating giant timikawas with rainbow fur eating"
121,"junky armadillo, cybertronic gadgets and vr helmet, durty colours, rotten textures, rusty shapes, flesh"
122,"X-wing vs Tie Fighter, Sci-Fi, star wars, LSD Dream Emulator, intricate, elegant, action packed,"
123,beautiful mannequin sculpted out of amethyst by billelis + lit with 3 d geometric
124,( ( ( ( shion ) ) ) ) with a horn on her
125,"kim kardashian acting like a monkey and eating bananas in the hood, 8k resolution,"
126,"glamorous and sexy japanese schoolgirl, beautiful, pearlescent skin, natural beauty, seductive eyes and face,"
127,"beautiful eyes raining flowers bodhisattva, praying meditating, elegant, portrait art by greg rutkowski and"
128,"A young male barbarian, with black armor and pelt, wolf hat, black curly hair"
129,"breathtaking detailed concept art painting portrait of the goddess of hydrangea flowers, carroty curly"
130,photo of a seagull flying seen throught the reflection of a Paddle award winning photography
131,"kodak portra 4 0 0, wetplate, 8 mm extreme fisheye, award - winning portrait by"
132,"junky armadillo, cybertronic gadgets and vr helmet, durty colours, rotten textures, rusty shapes, flesh +"
133,professional digital art of a full-body view of a stylish young adult man with short
134,a photo of a model hippo made with a combination of [ elm wood!!! ]
135,The portrait of sarcastic men with fish tails which eat their fish tails by Hieronymus
136,"fractal entropia of universe, greg rutkowski, esuthio, craig mullinshyper, scifi, symmetry fractal detailed realistic 8"
137,"award winning emotional heartbreaking full body photo of adolf hitler puking blood, male, india third"
138,a beautiful and detailed picture of a field of black lotus flowers with petals in
139,"portrait, nightmare anomalies, flowers by miyazaki, violet and pink palette, illustration, kenneth blom, mental alchemy,"
140,breathtaking detailed concept art painting blend of two redhair goddess of light blue flowers by hsiao
141,"nuclear fusion, volumetric lighting, octane beautifully detailed render extremely hyper - detailed, intricate, epic composition, cinematic"
142,"highly detailed portrait of a sewerpunk lady student, blue eyes, tartan hoody, hat, white hair by"
143,"salary man working at his desk, piles and more piles papers all over the place. intricate,"
144,"a beautiful and highly detailed digital painting of a stone pyramid in the distance, a massive"
145,a award winning half body portrait of a beautiful woman in a croptop and cargo pants
146,"a full head photoshot, detailed photograph of a dreaming samurai warrior in a distance japanese temple"
147,"angry, pissed off, elliot rodger as anakin skywalker in star wars episode 3, 8k resolution, full"
148,"star wars the force awakens film still, closeup on a stormtrooper, smoke, explosions, mist, hyper detailed,"
149,"an orgy of colorful, beautiful flesh - eating giant timikawas with rainbow fur eating terrified humans,"
150,"bemused to be locked in a leather neck restraint, Tifa Lockhart in a black silk tank top"
151,"a pixel art 8 - bit artwork of a sandworm on arrakis, god emperor of dune, shai"
152,"giant daisy flower as head, girl sitting in a flower field, surreal photography, sunrise, dramatic light, impressionist"
153,"Palace of the occult, mediterranean balustrade and columns, refracted sparkles, thunderstorm, greek pool, beach and Tropical vegetation"
154,"portrait of Jenna Jameson as a character in star Wars movie, looking at camera, intricate, dystopian, sci-fi,"
155,breathtaking detailed concept art painting blend of two redhair goddess of light blue flowers by hsiao -
156,Colour Caravaggio style Photography of Highly detailed beautiful Woman with 1000 years perfect face and wearing detailed
157,"an award winning photo of a cool autumn day in bergen norway, colorful leaves red orange yellow"
158,"award winning emotional heartbreaking full body photo of adolf hitler puking blood, male, india third eye tika,"
159,a long wedding dress with a train made of flower petals made of light - colored fabric.
160,"a photo of a model hippo made of wood countertop, wood mixed with blue epoxy resin, dramatic lighting,"
161,a horrifying nightmare of a creepy magazine editorial hassleblad octane render cinema 4 d vampire god in black
162,"a painting of a crashed star wars spaceship in the grand prismatic spring yellowstone landscape, a detailed matte"
163,"a beautiful portrait of Saoirse Ronans face as she appeared in Lady Bird, surrounded by flowers and foliage,"
164,A closeup portrait of a lone solitary cerulean and brown decaying futuristic robot seated on a torn couch
165,"exar kun, jedi from star wars legends books, star wars portrait detailed and realistic art, double blade blue"
166,"a highly detailed photography of a very large city filled with lots of tall buildings, aerial view, cyberpunk"
167,Oil painting - She Eats of the Strangling Fruit and Her gossamer polyp blossoms bring iridescent fungal flowers
168,"boba fett driving a 1 9 6 7 stingray convertible down the las vegas strip, star wars production"
169,"hyper - realistic portrait of a punk rock zombie turning into flowers fruit and mushrooms, covered in crystals"
170,"Palace of the occult, mediterranean balustrade and columns, refracted sparkles, thunderstorm, greek pool, beach and Tropical vegetation on the"
171,"ultra - detailed cinematic render, of a lightsaber hilt, that lies vertically on a carved stone, lit up in"
172,a long wedding dress with a train made of flower petals made of light - colored fabric. transparent in
173,"hyper render - kawaii portrait ( astronaut suit, chrome, porcelain forcefield, looks like krysten ritter ) eating in network"
174,"a countryside in spring, green hills and blue sky with patches of clouds, nature in all its beauty, some"
175,"2 0 0 3 mercedes - benz s - class s 5 0 0 4 matic, floral design, pakistani"
176,"cute duck tucked in bed and going to sleep, as a saturday morning cartoon, digital painting, trending on artstation,"
177,"breathtaking detailed concept art painting portrait of the hugs goddess of light blue flowers, blonde curly hair, orthodox saint,"
178,"highly detailed realistic photo of multiple water droplets, very sharp focus, award winning masterpiece photography, hyper realistic, concept art,"
179,"monster tree, ray tracing effects, rtx on, award winning photograph, realistic, by jim lee, photorealism, advanced graphics, magnum opus,"
180,"gothic soul - spirit with galaxy dead eyes, random decor of necro blast, psycho colors veins, realistic flavor, twisted sorrow"
181,"little chinese girl with flowers in hair wearing an white dress. art by ilya kuvshinov, profile picture, inspired in hirohiko"
182,"portrait of a 3 0 years old frenchman in 2 0 2 0. award winning photography, 5 0 mm, studio"
183,a beautiful render of absolutely beautiful princess that wear rose flower wedding gothic lolita dress clothing stay in blooming flower
184,"A hyper realistic ultra realistic photograph of Gene Siskel with ten thumbs on each hand by Brandon Hughes, detailed, photorealistic"
185,"portrait of pain akatsuki from naruto shippuden, orange hair, purple eye, highly detailed, digital painting, artstation, concept art, smooth, sharp"
186,"portrai of pierre emmanuel saubade as captain america by greg rutkowski, jedi knight, he is 3 5 years old, star"
187,A closeup portrait of a lone solitary cerulean and brown decaying futuristic robot seated on a torn couch facing a
188,"magical girl, modeling, gapmoe, trending on pixiv fanbox, painted by greg rutkowski, makoto shinkai, takashi takeuchi, studio ghibli, akihiko yoshida"
189,"super mario, kirby, sonic the hedgehog, super smash bros, star wars themed movie poster high detail accurate eyes and good"
190,"epic poppy flowers painting by stanley artgerm, dramatic lighting, ilya kuvshinov, trending on artstation, flat colour, geometric curves, gradient filter, red"
191,"a half otter half man creature holding a microphone,anthropomorphic,Character design by charlie bowater, ross tran, artgerm, and makoto shinkai, detailed, inked,"
192,"little chinese girl with flowers in hair wearing an white dress. art by ilya kuvshinov, profile picture, inspired in hirohiko araki,"
193,Oil painting - She Eats of the Strangling Fruit and Her gossamer polyp blossoms bring iridescent fungal flowers whose spores black
194,"portrait of pierre saubade by aenaluck, jedi knight, he is 3 5 years old, star wars expanded universe, wearing galactic gear"
195,a photo of a model hippo made with a combination of [ elm wood!!! ] and composite [ blue epoxy resin!!
196,"A hyper realistic ultra realistic photograph of Gene Siskel with ten thumbs on each hand by Brandon Hughes, detailed, photorealistic imagery,"
197,"X-wing vs Tie Fighter, Sci-Fi, star wars, LSD Dream Emulator, intricate, elegant, action packed, moonlit, highly detailed, digital painting, artstation, concept"
198,"screenshot from the lost star wars film, blue transparent hologram of Luke Skywalker, iconic scene from Star Wars, directed by Stanely"
199,marvel rocket racoon in a still of the movie star wars episode i the phantom menace ( 1 9 9 9
200,"silly goofy retro cyberpunk robot, fishing in a small canoe, highly detailed, michael cheval, peter mohrbacher, boris vallejo, jessica rossier, oil painting,"
201,"perfume bottle in a artistic enchanted flower garden grass soft femme, softly - lit, highly detailed, realistic, up close shot, unreal engine,"
202,"a fat ginger cat as jabra the hutt, star wars, beautiful glowing lights, sci - fi, stunning, intricate, elegant. highly detailed, digital"
203,"Boris Johnson as Grim Reaper in a hood, portrait, highly detailed, digital painting, artstation, concept art, smooth, sharp focus, illustration, cinematic lighting,"
204,"an anthropomorphic robot bear holding an avocado and offering it to the viewer, ultra detailed, 8 k, trending on artstation, award -"
205,"hyperrealism close - up mythological portrait of a medieval womans shattered face partially made of emerald flowers in style of classicism, pale"
206,"shiny aluminum rocket ship in cosmic space by tim hildebrandt, wayne barlowe, bruce pennington, donato giancola, larry elmore, fleet, star wars, naboo"
207,"symmetry!! stunning portrait of harley quinn!! by victo ngai, kilian eng vibrant colors, dynamic lighting, digital art, winning award masterpiece, fantastically beautiful,"
208,"portrait of pierre saubade by aenaluck, jedi knight, he is 3 5 years old, star wars expanded universe, wearing galactic gear of"
209,"ultra detailed photorealistic cyberpunk alien base, in the dream, cinematic light, sci fi, glossy, cybernetic machines, wires, robotics, futuristic decor, trending on"
210,"breathtaking Female Portrait by Miho Hirano, ilya kuvshinov, alphonse mucha, realistic, detailed, blue, green tonalities, beautiful collage technique including flora, branches, birds, butterflies,"
211,"Jennifer Lawrence, closeup, D&D, fantasy, intricate, elegant, highly detailed, digital painting, artstation, concept art, matte, sharp focus, illustration, hearthstone, art by Artgerm and"
212,"three japanese men wearing beige suits and black pants standing in the ocean, sunset, night, wide shot, ((yellow magic orchestra)), ((tatsuro yamashita)), album"
213,"junky armadillo, cybertronic gadgets and vr helmet, durty colours, rotten textures, rusty shapes, flesh + technology, biotechnology, norman rockwell, tim hildebrandt, dariusz zawadzki,"
214,"( ( ( ( shion ) ) ) ) with a horn on her head, with purple hair, ( ( ( ponytail )"
215,full-body baroque and cyberpunk style sculpture of a young handsome Spanish prince half android with a chest opening exposing circuitry and blue electric
216,"medieval cyberpunk knight in a scenic cyberpunk environment, armor inspired by star wars and iron man, cybernetic implants, beautiful digital art, action pose,"
217,"an orgy of colorful, beautiful flesh - eating giant timikawas with rainbow fur eating terrified humans, in a whimsical forest with melting trees,"
218,"an anthropomorphic robot bear holding an avocado and offering it to the viewer, ultra detailed, 8 k, trending on artstation, award - winning"
219,"bemused to be locked in a leather neck restraint, Tifa Lockhart in a black silk tank top in a full frame zoom up"
220,"a countryside in spring, green hills and blue sky with patches of clouds, nature in all its beauty, some houses in the background, star"
221,"!dream aesthetic portrait commission of an albino male furry anthro lion with lavender and mint glowing orbs of light illuminating the lions face, Atmospheric."
222,"a photographic portrait of a anthropomorphic bioluminescent water wave wearing white clothes, fantasy, intricate, elegant, highly detailed, digital painting, artstation, concept art, smooth, sharp"
223,"medieval cyberpunk knight running in a scenic cyberpunk environment, armor inspired by star wars and iron man, cybernetic implants, beautiful digital art, epic lighting,"
224,"a photo of a model hippo made of wood countertop, wood mixed with blue epoxy resin, dramatic lighting, studio zeiss 1 5 0 mm"
225,"breathtaking Female Portrait by Miho Hirano, ilya kuvshinov, alphonse mucha, realistic, detailed, blue, green tonalities, beautiful collage technique including flora, branches, birds, butterflies, ornate"
226,"a fat ginger cat as jabra the hutt, star wars, beautiful glowing lights, sci - fi, stunning, intricate, elegant. highly detailed, digital painting. artstation."
227,"at the end of the earth, ocean, ship, photo realistic, dynamic lighting, artstation, poster, volumetric lighting, 4 k, award winning, a detailed painting, hyperdetalized,"
228,"a detailed 3 d render of a frightening egyptian demon wearing cyberpunk warrior armor in the style of stephen gammall and escher, william blake,"
229,"full body portrait of shakira, thin but strong viking samurai woman, symmetrical beautiful face, relaxed pose, trending on artstation, high resolution, detailed, smooth, dynamic"
230,"star wars concept art by greg rutkowski, a brutalist military base of the galactic alliance in the middle of a jungle near to a lake,"
231,"a photographic portrait of a anthropomorphic bioluminescent water wave wearing white clothes, fantasy, intricate, elegant, highly detailed, digital painting, artstation, concept art, smooth, sharp focus,"
232,Oil painting - She Eats of the Strangling Fruit and Her gossamer polyp blossoms bring iridescent fungal flowers whose spores black the foolish stars by
233,"concept art of giant translucent glowing jellyfishes, lovecraftian divers helmet, lots of teeth, melting horror, round moon, rich clouds, fighting the horrors of the unknown,"
234,"screenshot from the lost star wars film, blue transparent hologram of Luke Skywalker, iconic scene from Star Wars, directed by Stanely Kubrick, moody cinematography, with"
235,"junky armadillo, cybertronic gadgets and vr helmet, durty colours, rotten textures, rusty shapes, flesh + technology, biotechnology, norman rockwell, tim hildebrandt, dariusz zawadzki, bruce pennington,"
236,"a detailed 3 d render of a frightening egyptian demon wearing cyberpunk warrior armor in the style of stephen gammall and escher, william blake, rembrandt,"
237,"a beautiful and detailed picture of a field of black lotus flowers with petals in a fibonacci sequence, in the style of magic the gathering,"
238,"fennec fox, pink, palm trees, furry, cute, disney zootopia, concept art, aviator sunglasses, synthwave style, artstation, detailed, award winning, dramatic lighting, miami vice, oil on"
239,"a highly detailed photography of a very large city filled with lots of tall buildings, aerial view, cyberpunk art by liam wong, flickr contest winner,"
240,"X-wing vs Tie Fighter, Sci-Fi, star wars, LSD Dream Emulator, intricate, elegant, action packed, moonlit, highly detailed, digital painting, artstation, concept art, smooth, sharp focus, illustration,"
241,"star wars portrait of a rutger hauer by greg rutkowski, jacen solo, very sad and relucant expression, wearing a biomechanical suit, scifi, digital painting, artstation, concept"
242,an alien humanoid trapped within a perfectly symmetrical and symmetrical translucent sphere. above the pedestal of a museum. semi - reflective. detailed still life. texture. 4
243,"an award winning photo of a cool autumn day in bergen norway, colorful leaves red orange yellow on trees, leaves falling to the ground, beautiful mountains,"
244,"nuclear fusion, volumetric lighting, octane beautifully detailed render extremely hyper - detailed, intricate, epic composition, cinematic lighting, masterpiece, trending on artstation, anders zorn, greg rutkowski, beautiful"
245,a award winning half body portrait of a beautiful woman in a croptop and cargo pants with ombre purple pink teal hairstyle and hands in pockets
246,"portrait of a sexy girl pilot of a battlemech, bipedal mech is on fire, sunset glow around head, intricate, elegant, highly detailed, digital painting, artstation, concept"
247,"full-body baroque and cyberpunk style sculpture of a young handsome Spanish prince half android with a chest opening exposing circuitry and blue electric sparks, glowing pink"
248,"hyper render - kawaii portrait ( astronaut suit, chrome, porcelain forcefield, looks like krysten ritter ) eating in network yellowcake aerochrome berry and her delicate hands"
249,"a photo of a model hippo made with a combination of [ elm wood!!! ] and composite [ blue epoxy resin!! ] in straight lines, dramatic"
250,"salary man working at his desk, piles and more piles papers all over the place. intricate, elegant, highly detailed, digital painting, artstation, concept art, sharp focus, illustration,"
251,"Oil painting - She Eats of the Strangling Fruit and Her gossamer polyp blossoms bring iridescent fungal flowers whose spores black the foolish stars by Lucian Freud,"
252,"a long wedding dress with a train made of flower petals made of light - colored fabric. transparent in places. in places, patterns of precious stones. intricate"
253,"monster tree, ray tracing effects, rtx on, award winning photograph, realistic, by jim lee, photorealism, advanced graphics, magnum opus, cyberpunk, ablaze, consumed by flames, unreal engine 5,"
254,"breathtaking detailed concept art painting blend of two redhair goddess of light blue flowers by hsiao - ron cheng with anxious piercing eyes, vintage illustration pattern with"
255,"ultra detailed photorealistic cyberpunk alien base, in the dream, cinematic light, sci fi, glossy, cybernetic machines, wires, robotics, futuristic decor, trending on artstation, global illumination, ultra realistic"
256,"heroic character design of anthropomorphized fox, holy medieval crusader, whimsical fox , portrait, fighting posture, dramatic pose, final fantasy tactics character design, character art, whimsical, vibrant, stunning,"
257,"a beautiful and detailed picture of a field of black lotus flowers with petals in a fibonacci sequence, in the style of magic the gathering, highly detailed,"
258,"2 0 0 3 mercedes - benz s - class s 5 0 0 4 matic, floral design, pakistani or indian truck art design, ornate flower design,"
259,"concept art of giant translucent glowing jellyfishes, lovecraftian divers helmet, lots of teeth, melting horror, round moon, rich clouds, fighting the horrors of the unknown, high resolution,"
260,"a detailed 3 d render of a frightening egyptian demon wearing cyberpunk warrior armor in the style of stephen gammall and escher, william blake, rembrandt, raphael, giger, junji"
261,"the white lady with long hairs and flowers in them, flower petals flying around in the background, art by James Jean and Wayne Barlowe, high detail, cinematic, cgsociety"
262,"highly detailed portrait of a sewerpunk lady student, blue eyes, tartan hoody, hat, white hair by atey ghailan, by greg rutkowski, by greg tocchini, by james gilleard, by"
263,"a pixel art 8 - bit artwork of a sandworm on arrakis, god emperor of dune, shai hulud inspired by david a hardy, noriyoshi ohrai, gary ruddell, greg"
264,beautiful mannequin sculpted out of amethyst by billelis + lit with 3 d geometric neon + facing a doorway opening with neon pink geometric fractal light + city
265,"ultra detailed photorealistic cyberpunk alien base, in the dream, cinematic light, sci fi, glossy, cybernetic machines, wires, robotics, futuristic decor, trending on artstation, global illumination, ultra realistic illustration,"
266,"Palace of the occult, mediterranean balustrade and columns, refracted sparkles, thunderstorm, greek pool, beach and Tropical vegetation on the background major arcana sky and occult symbols, by paul"
267,"a fat ginger cat as jabra the hutt, star wars, beautiful glowing lights, sci - fi, stunning, intricate, elegant. highly detailed, digital painting. artstation. smooth. sharp focus. illustration."
268,A closeup portrait of a lone solitary cerulean and brown decaying futuristic robot seated on a torn couch facing a cozy fire in a beautiful fireplace in a
269,"a full head photoshot, detailed photograph of a dreaming samurai warrior in a distance japanese temple mountain landscape, photorealism ultradetailed digital art, irina french, heraldo ortega, mandy jurgens,"
270,"star wars the force awakens film still, closeup on a stormtrooper, smoke, explosions, mist, hyper detailed, smooth, high contrast, volumetric lighting, j. j. abrams, doug chiang, ryan church, james"
271,"highly detailed portrait of a sewerpunk lady student, blue eyes, tartan hoody, hat, white hair by atey ghailan, by greg rutkowski, by greg tocchini, by james gilleard, by joe"
272,"a beautiful and detailed picture of a field of black lotus flowers with petals in a fibonacci sequence, in the style of magic the gathering, highly detailed, digital painting,"
273,"hyperrealistic detailed image of a geisha in a art installation room, hd smooth interior by yayoi kusama, part by kei mieno, part by ross tran, dark art by james"
274,"a award winning half body portrait of a beautiful woman in a croptop and cargo pants with ombre purple pink teal hairstyle and hands in pockets by ari liloan,"
275,"X-wing vs Tie Fighter, Sci-Fi, star wars, LSD Dream Emulator, intricate, elegant, action packed, moonlit, highly detailed, digital painting, artstation, concept art, smooth, sharp focus, illustration, art by artgerm"
276,"portrait of pain akatsuki from naruto shippuden, orange hair, purple eye, highly detailed, digital painting, artstation, concept art, smooth, sharp focus, illustration, art by artgerm and greg rutkowski and"
277,"portrai of pierre emmanuel saubade as captain america by greg rutkowski, jedi knight, he is 3 5 years old, star wars expanded universe, highly detailed portrait, digital painting, artstation,"
278,"!dream aesthetic portrait commission of an albino male furry anthro lion with lavender and mint glowing orbs of light illuminating the lions face, Atmospheric. Character design by charlie bowater,"
279,"magical girl, modeling, gapmoe, trending on pixiv fanbox, painted by greg rutkowski, makoto shinkai, takashi takeuchi, studio ghibli, akihiko yoshida detailed face, realistic shaded perfect face, fine details, realistic"
280,"a award winning half body portrait of a beautiful woman in a croptop and cargo pants with ombre purple pink teal hairstyle and hands in pockets by ari liloan, surrounded"
281,"Oil painting - She Eats of the Strangling Fruit and Her gossamer polyp blossoms bring iridescent fungal flowers whose spores black the foolish stars by Lucian Freud, Abstract brush strokes,"
282,"hyper - realistic portrait of a punk rock zombie turning into flowers fruit and mushrooms, covered in crystals and glitter, botanical background, vanitas, still life, atmospheric lighting, sculptural, highly intricate"
283,"!dream aesthetic portrait commission of an albino male furry anthro lion with lavender and mint glowing orbs of light illuminating the lions face, Atmospheric. Character design by charlie bowater, ross"
284,"star wars cats, cats put in different uniforms and situations, while aboard on a 1 2 mile capital ship. zoomed in shots, photorealistic, sharp focus, vintage cold colour temperture, f"
285,"a half otter half man creature holding a microphone,anthropomorphic,Character design by charlie bowater, ross tran, artgerm, and makoto shinkai, detailed, inked, western comic book art, 2021 award winning painting,digital art,ultra"
286,"ultra - detailed cinematic render, of a lightsaber hilt, that lies vertically on a carved stone, lit up in a dark room, photo from above, octane render, by mizuriau on"
287,"hyper - realistic portrait of a punk rock zombie turning into flowers fruit and mushrooms, covered in crystals and glitter, botanical background, vanitas, still life, atmospheric lighting, sculptural, highly intricate"
288,"a beautiful and highly detailed digital painting of a stone pyramid in the distance, a massive lush mountainous jungle, intricate details, epic scale, hyperdetailed, hyperrealism, artstation, cgsociety, 8 k, sharp"
289,"symmetry!! stunning portrait of harley quinn!! by victo ngai, kilian eng vibrant colors, dynamic lighting, digital art, winning award masterpiece, fantastically beautiful, illustration, aestheticly inspired by beksinski and dan mumford,"
290,"breathtaking detailed concept art painting portrait of the goddess of hydrangea flowers, carroty curly hair, orthodox saint, with anxious piercing eyes, ornate background, amalgamation of leaves and flowers, by hsiao -"
291,"full-body baroque and cyberpunk style sculpture of a young handsome Spanish prince half android with a chest opening exposing circuitry and blue electric sparks, glowing pink laser eyes, crown of peach"
292,"Palace of the occult, mediterranean balustrade and columns, refracted sparkles, thunderstorm, greek pool, beach and Tropical vegetation on the background major arcana sky and occult symbols, by paul delaroche, hyperrealistic 4k"
293,"portrait of Anya joy Taylor, field of flowers background, rich vivid colors, ambient lighting, dynamic lighting, 4k, HQ, official media, anime key visual, makoto shinkai, ilya kuvshinov, lois van baarle, rossdraws,"
294,"kodak portra 4 0 0, wetplate, 8 mm extreme fisheye, award - winning portrait by britt marling of a 1 9 6 0 s room, picture frames, shining lamps, dust, 1"
295,"a countryside in spring, green hills and blue sky with patches of clouds, nature in all its beauty, some houses in the background, star - shaped flowers in the foreground, digital"
296,"heroic character design of anthropomorphized fox, holy medieval crusader, whimsical fox , portrait, fighting posture, dramatic pose, final fantasy tactics character design, character art, whimsical, vibrant, stunning, lighthearted, concept art, colorized"
297,"a detailed 3 d render of a frightening egyptian demon wearing cyberpunk warrior armor in the style of stephen gammall and escher, william blake, rembrandt, raphael, giger, junji ito, artstation, crisp"
298,"a fat ginger cat as jabra the hutt, star wars, beautiful glowing lights, sci - fi, stunning, intricate, elegant. highly detailed, digital painting. artstation. smooth. sharp focus. illustration. art by artgerm"
299,an alien humanoid trapped within a perfectly symmetrical and symmetrical translucent sphere. above the pedestal of a museum. semi - reflective. detailed still life. texture. 4 k post - processing highly
300,"a countryside in spring, green hills and blue sky with patches of clouds, nature in all its beauty, some houses in the background, star - shaped flowers in the foreground, digital painting,"
301,Colour Caravaggio style Photography of Highly detailed beautiful Woman with 1000 years perfect face and wearing detailed Ukrainian folk costume designed by Taras Shevchenko also wearing highly detailed futuristic VR headset designed
302,"Palace of the occult, mediterranean balustrade and columns, refracted sparkles, thunderstorm, greek pool, beach and Tropical vegetation on the background major arcana sky and occult symbols, by paul delaroche, hyperrealistic 4k uhd,"
303,"full body pose, hyperrealistic mixed media painting of female anarchist, dim volumetric lighting, 8 k, octane detailed render, extremely hyper detailed, intricate, epic composition, cinematic lighting, masterpiece, trending on artstation, very very"
304,"junky armadillo, cybertronic gadgets and vr helmet, durty colours, rotten textures, rusty shapes, flesh + technology, biotechnology, norman rockwell, tim hildebrandt, dariusz zawadzki, bruce pennington, larry elmore, intricate details, hyperrealistic oil painting"
305,"a long wedding dress with a train made of flower petals made of light - colored fabric. transparent in places. in places, patterns of precious stones. intricate patterns of gold thin threads."
306,"star wars cats, cats put in different uniforms and situations, while aboard on a 1 2 mile capital ship. zoomed in shots, photorealistic, sharp focus, vintage cold colour temperture, f 0. 4,"
307,"A young male barbarian, with black armor and pelt, wolf hat, black curly hair and short beard, embraces her young female healer, in white and gold robes, red long straight hair, and"
308,"a half otter half man creature holding a microphone,anthropomorphic,Character design by charlie bowater, ross tran, artgerm, and makoto shinkai, detailed, inked, western comic book art, 2021 award winning painting,digital art,ultra realistic,ultra detailed,art"
309,"full body portrait of shakira, thin but strong viking samurai woman, symmetrical beautiful face, relaxed pose, trending on artstation, high resolution, detailed, smooth, dynamic composition, dramatic lighting, trending on artstation, award winning"
310,"3d sculpt of a thick square industrial military scifi factory facade gun metal space station inspired by the matrix, star wars, ilm, beeple, star citizen halo, mass effect, starship troopers, elysium, the expanse,"
311,"portrait of a sexy girl pilot of a battlemech, bipedal mech is on fire, sunset glow around head, intricate, elegant, highly detailed, digital painting, artstation, concept art, smooth, sharp focus, illustration, art by"
312,"full body pose, hyperrealistic mixed media painting of female anarchist, dim volumetric lighting, 8 k, octane detailed render, extremely hyper detailed, intricate, epic composition, cinematic lighting, masterpiece, trending on artstation, very very detailed,"
313,"ultrafine detailed painting of an abstract vase with flowers on top of a plinth. biomorphic, still life by julian schnabel and john chamberlain, tonalism, oil on canvas, surrealist painting, wikiart, behance, conceptual art,"
314,"breathtaking Female Portrait by Miho Hirano, ilya kuvshinov, alphonse mucha, realistic, detailed, blue, green tonalities, beautiful collage technique including flora, branches, birds, butterflies, ornate background, beautiful Fantasy detailed trending on artstation, oil painting,Dramatic"
315,an alien humanoid trapped within a perfectly symmetrical and symmetrical translucent sphere. above the pedestal of a museum. semi - reflective. detailed still life. texture. 4 k post - processing highly detailed surfaces.
316,"a beautiful and detailed picture of a field of black lotus flowers with petals in a fibonacci sequence, in the style of magic the gathering, highly detailed, digital painting, god rays, volumetric lighting,"
317,Painting of a clean shaven triple H with long white hair. Young. Smiling. Happy. Cheerful. Prisoner of Azkaban. Art by william adolphe bouguereau. Very very very very very very very very very very
318,"award winning emotional heartbreaking full body photo of adolf hitler puking blood, male, india third eye tika, draped in shiny golden oil, red lipstick, tease, flowers and gold, vivid colors, weird and disturbing,"
319,Full shot of Kpop boy idol with an eyeball instead of head performing on stage. Orb Head. Sphere Head. Eyeball Head. BTS. Eye exam. Friendly horror. Realistic. Wonho. y Ruan Jia and Artgerm
320,"a pixel art 8 - bit artwork of a sandworm on arrakis, god emperor of dune, shai hulud inspired by david a hardy, noriyoshi ohrai, gary ruddell, greg rutkowski, # pixelart, pixel art highly"
321,"a full head photoshot, detailed photograph of a dreaming samurai warrior in a distance japanese temple mountain landscape, photorealism ultradetailed digital art, irina french, heraldo ortega, mandy jurgens, golden ratio, art canvas, award winning,"
322,"the platonic ideal of flowers, rotting, insects and praying hands in namaskara mudra of cletus kasady ultimate carnage thanos dementor doctor manhattan chtulu nazgul davinci, detailed, intricate, hyperrealism, intense, scary, decay, dmt, art by"
323,"breathtaking detailed concept art painting blend of two redhair goddess of light blue flowers by hsiao - ron cheng with anxious piercing eyes, vintage illustration pattern with bizarre compositions blend of flowers and fruits"
324,"portrait of Anya joy Taylor, field of flowers background, rich vivid colors, ambient lighting, dynamic lighting, 4k, HQ, official media, anime key visual, makoto shinkai, ilya kuvshinov, lois van baarle, rossdraws, detailed, trending on"
325,"a beautiful render of absolutely beautiful princess that wear rose flower wedding gothic lolita dress clothing stay in blooming flower house alone, a beautiful face, dazzling light beam penetrated through the window, perfectly shaded,"
326,"a portrait of milla jovovich and david bowie as barbarella wearing a rocknroll glamour spacesuit, beautiful, heroic action pose, soft focus, depth of field, stunning alien landscape, cinematic, film grain, wide shot, in the"
327,"sharp, highly detailed, film from a 2 0 1 9 sci fi 8 k movie, set in 1 8 6 0, family standing in a park on a strange alien planet, surrounded by alien"
328,"star wars cats, cats put in different uniforms and situations, while aboard on a 1 2 mile capital ship. zoomed in shots, photorealistic, sharp focus, vintage cold colour temperture, f 0. 4, face centred,"
329,"X-wing vs Tie Fighter, Sci-Fi, star wars, LSD Dream Emulator, intricate, elegant, action packed, moonlit, highly detailed, digital painting, artstation, concept art, smooth, sharp focus, illustration, art by artgerm and greg rutkowski and alphonse"
330,"a beautiful and detailed picture of a field of black lotus flowers with petals in a fibonacci sequence, in the style of magic the gathering, highly detailed, digital painting, god rays, volumetric lighting, octane render,"
331,"A young male barbarian, with black armor and pelt, wolf hat, black curly hair and short beard, embraces her young female healer, in white and gold robes, red long straight hair, and shiny circlet. Romance,"
332,"portrai of pierre emmanuel saubade as captain america by greg rutkowski, jedi knight, he is 3 5 years old, star wars expanded universe, highly detailed portrait, digital painting, artstation, concept art, smooth, sharp foccus ilustration,"
333,"ultra detailed photorealistic cyberpunk alien base, in the dream, cinematic light, sci fi, glossy, cybernetic machines, wires, robotics, futuristic decor, trending on artstation, global illumination, ultra realistic illustration, matte painting, high detailed, unreal engine, octane"
334,"full body pose, hyperrealistic mixed media painting of female anarchist, dim volumetric lighting, 8 k, octane detailed render, extremely hyper detailed, intricate, epic composition, cinematic lighting, masterpiece, trending on artstation, very very detailed, masterpiece, stunning,"
335,"award winning emotional heartbreaking full body photo of adolf hitler puking blood, male, india third eye tika, draped in shiny golden oil, red lipstick, tease, flowers and gold, vivid colors, weird and disturbing, symmetrical face,"
336,"the source of future growth dramatic, elaborate emotive Art Nouveau styles to emphasise beauty as a transcendental, seamless pattern, symmetrical, large motifs, hyper realistic, 8k image, 3D, supersharp,Art nouveau 3D curves and swirls, Glass and"
337,"shiny aluminum rocket ship in cosmic space by tim hildebrandt, wayne barlowe, bruce pennington, donato giancola, larry elmore, fleet, star wars, naboo 1, v wing, b - 2 bomber, jet engines, concorde, world war 2,"
338,"an award winning photo of a cool autumn day in bergen norway, colorful leaves red orange yellow on trees, leaves falling to the ground, beautiful mountains, breathtaking blue sky, wispy cloud. travel photography by charlie"
339,"a photographic portrait of a anthropomorphic bioluminescent water wave wearing white clothes, fantasy, intricate, elegant, highly detailed, digital painting, artstation, concept art, smooth, sharp focus, illustration, art by artgerm and h r giger and alphonse"
340,"breathtaking detailed concept art painting portrait of the hugs goddess of light blue flowers, blonde curly hair, orthodox saint, with anxious piercing eyes, ornate background, amalgamation of leaves and flowers, face by hsiao - ron cheng,"
341,"an award winning photo of a cool autumn day in bergen norway, colorful leaves red orange yellow on trees, leaves falling to the ground, beautiful mountains, breathtaking blue sky, wispy cloud. travel photography by charlie waite,"
342,"award winning emotional heartbreaking full body photo of adolf hitler puking blood, male, india third eye tika, draped in shiny golden oil, red lipstick, tease, flowers and gold, vivid colors, weird and disturbing, symmetrical face, neon"
343,"Oil painting - She Eats of the Strangling Fruit and Her gossamer polyp blossoms bring iridescent fungal flowers whose spores black the foolish stars by Lucian Freud, Abstract brush strokes, Masterpiece, Edward Hopper and James Gilleard,"
344,"a pixel art 8 - bit artwork of a sandworm on arrakis, god emperor of dune, shai hulud inspired by david a hardy, noriyoshi ohrai, gary ruddell, greg rutkowski, # pixelart, pixel art highly detailed, cinematic"
345,"a painting of a crashed star wars spaceship in the grand prismatic spring yellowstone landscape, a detailed matte painting by peter madsen, featured on artstation, space art, matte painting, matte drawing, reimagined by industrial light and"
346,Full shot of Kpop boy idol with an eyeball instead of head performing on stage. Orb Head. Sphere Head. Eyeball Head. BTS. Eye exam. Friendly horror. Realistic. Wonho. y Ruan Jia and Artgerm and Range Murata
347,"a portrait of milla jovovich and david bowie as barbarella wearing a rocknroll glamour spacesuit, beautiful, heroic action pose, soft focus, depth of field, stunning alien landscape, cinematic, film grain, wide shot, in the style of"
348,"concept art of giant translucent glowing jellyfishes, lovecraftian divers helmet, lots of teeth, melting horror, round moon, rich clouds, fighting the horrors of the unknown, high resolution, very detailed, volumetric light, mist, grim, fine art, decaying,"
349,"junky armadillo, cybertronic gadgets and vr helmet, durty colours, rotten textures, rusty shapes, flesh + technology, biotechnology, norman rockwell, tim hildebrandt, dariusz zawadzki, bruce pennington, larry elmore, intricate details, hyperrealistic oil painting on canvas, deep depth"
350,"breathtaking detailed concept art painting portrait of the goddess of hydrangea flowers, carroty curly hair, orthodox saint, with anxious piercing eyes, ornate background, amalgamation of leaves and flowers, by hsiao - ron cheng, extremely moody lighting, 8"
351,"highly detailed portrait of a sewerpunk lady student, blue eyes, tartan hoody, hat, white hair by atey ghailan, by greg rutkowski, by greg tocchini, by james gilleard, by joe fenton, by kaethe butcher, gradient yellow, black, brown"
352,"ultra detailed photorealistic cyberpunk alien base, in the dream, cinematic light, sci fi, glossy, cybernetic machines, wires, robotics, futuristic decor, trending on artstation, global illumination, ultra realistic illustration, matte painting, high detailed, unreal engine, octane render, 4"
353,"3d sculpt of a thick square industrial military scifi factory facade gun metal space station inspired by the matrix, star wars, ilm, beeple, star citizen halo, mass effect, starship troopers, elysium, the expanse, high tech industrial, Artstation"
354,"A closeup portrait of a lone solitary cerulean and brown decaying futuristic robot seated on a torn couch facing a cozy fire in a beautiful fireplace in a dusty Victorian home, soft morning light seeping in a"
355,"beautiful oil painting, snowy woodland meadow, log cabin, smoke billowing from chimney, evening, light from window, water stream, water wheel, oak trees, pine trees, rabbits, squirrel, fox, mild breeze wind, snow on trees and ground, mountain in"
356,"symmetry!! stunning portrait of harley quinn!! by victo ngai, kilian eng vibrant colors, dynamic lighting, digital art, winning award masterpiece, fantastically beautiful, illustration, aestheticly inspired by beksinski and dan mumford, upscale with simon stalenhag work, trending on"
357,"Oil painting - She Eats of the Strangling Fruit and Her gossamer polyp blossoms bring iridescent fungal flowers whose spores black the foolish stars by Lucian Freud, Abstract brush strokes, Masterpiece, Edward Hopper and James Gilleard, Zdzislaw"
358,"a award winning half body portrait of a beautiful woman in a croptop and cargo pants with ombre purple pink teal hairstyle and hands in pockets by ari liloan, surrounded by whirling illuminated lines, paint splashes and"
359,"( ( ( ( shion ) ) ) ) with a horn on her head, with purple hair, ( ( ( ponytail ) ) ) ( purple eyes ), a purple tuxedo, sharp focus, intricate, cell shaded,"
360,"a detailed 3 d render of a frightening egyptian demon wearing cyberpunk warrior armor in the style of stephen gammall and escher, william blake, rembrandt, raphael, giger, junji ito, artstation, crisp image, award - winning art, 8 k,"
361,"a portrait of milla jovovich and david bowie as barbarella wearing a rocknroll glamour spacesuit, beautiful, heroic action pose, soft focus, depth of field, stunning alien landscape, cinematic, film grain, wide shot, in the style of kubrick, ridley"
362,"a pixel art 8 - bit artwork of a sandworm on arrakis, god emperor of dune, shai hulud inspired by david a hardy, noriyoshi ohrai, gary ruddell, greg rutkowski, # pixelart, pixel art highly detailed, cinematic composition, trending"
363,"beautiful oil painting, snowy woodland meadow, log cabin, smoke billowing from chimney, evening, light from window, water stream, water wheel, oak trees, pine trees, rabbits, squirrel, fox, mild breeze wind, snow on trees and ground, mountain in background,"
364,"award winning emotional heartbreaking full body photo of adolf hitler puking blood, male, india third eye tika, draped in shiny golden oil, red lipstick, tease, flowers and gold, vivid colors, weird and disturbing, symmetrical face, neon lights, studio"
365,"( ( ( ( shion ) ) ) ) with a horn on her head, with purple hair, ( ( ( ponytail ) ) ) ( purple eyes ), a purple tuxedo, sharp focus, intricate, cell shaded, award"
366,"full body pose, hyperrealistic mixed media painting of female anarchist, dim volumetric lighting, 8 k, octane detailed render, extremely hyper detailed, intricate, epic composition, cinematic lighting, masterpiece, trending on artstation, very very detailed, masterpiece, stunning, hdr, smooth, sharp"
367,"Oil painting - She Eats of the Strangling Fruit and Her gossamer polyp blossoms bring iridescent fungal flowers whose spores black the foolish stars by Lucian Freud, Abstract brush strokes, Masterpiece, Edward Hopper and James Gilleard, Zdzislaw Beksinski,"
368,"junky armadillo, cybertronic gadgets and vr helmet, durty colours, rotten textures, rusty shapes, flesh + technology, biotechnology, norman rockwell, tim hildebrandt, dariusz zawadzki, bruce pennington, larry elmore, intricate details, hyperrealistic oil painting on canvas, deep depth field, cinematic"
369,"anime visual, portrait of a young black haired girl wearing hoodie sightseeing above the urban city, school rooftop guardrail, cute face by yoh yoshinari, katsura masakazu, dramatic lighting, dynamic pose, dynamic perspective, strong silhouette, ilya kuvshinov, anime cels,"
370,"shiny aluminum rocket ship in cosmic space by tim hildebrandt, wayne barlowe, bruce pennington, donato giancola, larry elmore, fleet, star wars, naboo 1, v wing, b - 2 bomber, jet engines, concorde, world war 2, masterpiece, trending on artstation,"
371,"breathtaking detailed concept art painting portrait of the hugs goddess of light blue flowers, blonde curly hair, orthodox saint, with anxious piercing eyes, ornate background, amalgamation of leaves and flowers, face by hsiao - ron cheng, extremely moody lighting,"
372,"anime visual, portrait of a young black haired girl wearing hoodie sightseeing above the urban city, school rooftop guardrail, cute face by yoh yoshinari, katsura masakazu, dramatic lighting, dynamic pose, dynamic perspective, strong silhouette, ilya kuvshinov, anime cels, 1"
373,"junky armadillo, cybertronic gadgets and vr helmet, durty colours, rotten textures, rusty shapes, flesh + technology, biotechnology, norman rockwell, tim hildebrandt, dariusz zawadzki, bruce pennington, larry elmore, intricate details, hyperrealistic oil painting on canvas, deep depth field, cinematic composition,"
374,"hyperrealistic detailed image of a geisha in a art installation room, hd smooth interior by yayoi kusama, part by kei mieno, part by ross tran, dark art by james jean, ultra realistic, highly detailed, life like face, detailed body,"
375,"kodak portra 4 0 0, wetplate, 8 mm extreme fisheye, award - winning portrait by britt marling of a 1 9 6 0 s room, picture frames, shining lamps, dust, 1 9 6 0 s metal bauhaus furniture, wallpaper,"
376,"award winning emotional heartbreaking full body photo of adolf hitler puking blood, male, india third eye tika, draped in shiny golden oil, red lipstick, tease, flowers and gold, vivid colors, weird and disturbing, symmetrical face, neon lights, studio lighting,"
377,a horrifying nightmare of a creepy magazine editorial hassleblad octane render cinema 4 d vampire god in black robes ultra realistic close up face shot of the shadow eater ghost with his demonic mouth wide open volumetric lighting moody
378,"a photo of a model hippo made with a combination of [ elm wood!!! ] and composite [ blue epoxy resin!! ] in straight lines, dramatic lighting, epoxy resin, studio zeiss 1 5 0 mm f 2. 8 hasselblad,"
379,"Oil painting - She Eats of the Strangling Fruit and Her gossamer polyp blossoms bring iridescent fungal flowers whose spores black the foolish stars by Lucian Freud, Abstract brush strokes, Masterpiece, Edward Hopper and James Gilleard, Zdzislaw Beksinski, Mark"
380,"symmetry!! stunning portrait of harley quinn!! by victo ngai, kilian eng vibrant colors, dynamic lighting, digital art, winning award masterpiece, fantastically beautiful, illustration, aestheticly inspired by beksinski and dan mumford, upscale with simon stalenhag work, trending on artstation, art by"
381,"portrait of Jenna Jameson as a character in star Wars movie, looking at camera, intricate, dystopian, sci-fi, extremely detailed, octane render, digital painting, concept art, smooth, sharp focus, illustration, incredible art by artgerm and greg rutkowski and alphonse mucha and"
382,"!dream aesthetic portrait commission of an albino male furry anthro lion with lavender and mint glowing orbs of light illuminating the lions face, Atmospheric. Character design by charlie bowater, ross tran, artgerm, and makoto shinkai, detailed, inked, western comic book"
383,"sharp, highly detailed, film from a 2 0 1 9 sci fi 8 k movie, set in 1 8 6 0, family standing in a park on a strange alien planet, surrounded by alien plants and flowers, wearing 1 8"
384,"a full head photoshot, detailed photograph of a dreaming samurai warrior in a distance japanese temple mountain landscape, photorealism ultradetailed digital art, irina french, heraldo ortega, mandy jurgens, golden ratio, art canvas, award winning, masterpiece trending on artstation 8 k"
385,"a half otter half man creature holding a microphone,anthropomorphic,Character design by charlie bowater, ross tran, artgerm, and makoto shinkai, detailed, inked, western comic book art, 2021 award winning painting,digital art,ultra realistic,ultra detailed,art by greg rutkowski,photorealiatic,hyperdetailed,hyperrealistic,studio lighting,studio photography,professional photography,professional lighting,detailed face,3"
386,"breathtaking detailed concept art painting portrait of the hugs goddess of light blue flowers, blonde curly hair, orthodox saint, with anxious piercing eyes, ornate background, amalgamation of leaves and flowers, face by hsiao - ron cheng, extremely moody lighting, 8"
387,"award winning emotional heartbreaking full body photo of adolf hitler puking blood, male, india third eye tika, draped in shiny golden oil, red lipstick, tease, flowers and gold, vivid colors, weird and disturbing, symmetrical face, neon lights, studio lighting, wide"
388,"ultra - detailed cinematic render, of a lightsaber hilt, that lies vertically on a carved stone, lit up in a dark room, photo from above, octane render, by mizuriau on deviantart, high quality, digital art, 8 k, jedi fallen order,"
389,"ultra detailed photorealistic cyberpunk alien base, in the dream, cinematic light, sci fi, glossy, cybernetic machines, wires, robotics, futuristic decor, trending on artstation, global illumination, ultra realistic illustration, matte painting, high detailed, unreal engine, octane render, 4 k, hd, high"
390,"ultra - detailed cinematic render, of a lightsaber hilt, that lies vertically on a carved stone, lit up in a dark room, photo from above, octane render, by mizuriau on deviantart, high quality, digital art, 8 k, jedi fallen order, volumetric"
391,"bemused to be locked in a leather neck restraint, Tifa Lockhart in a black silk tank top in a full frame zoom up of her face and neck, looking upwards in a room of old ticking clocks, complex artistic color ink"
392,"breathtaking detailed concept art painting blend of two redhair goddess of light blue flowers by hsiao - ron cheng with anxious piercing eyes, vintage illustration pattern with bizarre compositions blend of flowers and fruits and birds by beto val and john"
393,"a half otter half man creature holding a microphone,anthropomorphic,Character design by charlie bowater, ross tran, artgerm, and makoto shinkai, detailed, inked, western comic book art, 2021 award winning painting,digital art,ultra realistic,ultra detailed,art by greg rutkowski,photorealiatic,hyperdetailed,hyperrealistic,studio lighting,studio photography,professional photography,professional lighting,detailed face,3 point"
394,"junky armadillo, cybertronic gadgets and vr helmet, durty colours, rotten textures, rusty shapes, flesh + technology, biotechnology, norman rockwell, tim hildebrandt, dariusz zawadzki, bruce pennington, larry elmore, intricate details, hyperrealistic oil painting on canvas, deep depth field, cinematic composition, hyper -"
395,"full-body baroque and cyberpunk style sculpture of a young handsome Spanish prince half android with a chest opening exposing circuitry and blue electric sparks, glowing pink laser eyes, crown of peach roses, flowing teal-colored silk, fabric, flowers. baroque elements, human skull."
396,"kodak portra 4 0 0, wetplate, 8 mm extreme fisheye, award - winning portrait by britt marling of a 1 9 6 0 s room, picture frames, shining lamps, dust, 1 9 6 0 s metal bauhaus furniture, wallpaper, carpet, books,"
397,"glamorous and sexy japanese schoolgirl, beautiful, pearlescent skin, natural beauty, seductive eyes and face, elegant girl, lacivious pose, natural beauty, very detailed face, seductive lady, sexy push up bras, pale and coloured kimono, photorealism, summer vibrancy, cinematic, a portrait by artgerm,"
398,Full shot of Kpop boy idol with an eyeball instead of head performing on stage. Orb Head. Sphere Head. Eyeball Head. BTS. Eye exam. Friendly horror. Realistic. Wonho. y Ruan Jia and Artgerm and Range Murata and WLOP and Ross Tran
399,"a beautiful render of absolutely beautiful princess that wear rose flower wedding gothic lolita dress clothing stay in blooming flower house alone, a beautiful face, dazzling light beam penetrated through the window, perfectly shaded, atmospheric lighting, style of makoto shinkai, raphael"
400,"stunning, breathtaking, awe-inspiring award-winning concept art nouveau painting of attractive _____ as the goddess of the sun, with anxious, piercing eyes, by Alphonse Mucha, Michael Whelan, William Adolphe Bouguereau, John Williams Waterhouse, and Donato Giancola, cyberpunk, extremely moody lighting, glowing light and"
401,"the platonic ideal of flowers, rotting, insects and praying hands in namaskara mudra of cletus kasady ultimate carnage thanos dementor doctor manhattan chtulu nazgul davinci, detailed, intricate, hyperrealism, intense, scary, decay, dmt, art by brock hofer and artgerm and greg rutkowski and"
402,"the source of future growth dramatic, elaborate emotive Art Nouveau styles to emphasise beauty as a transcendental, seamless pattern, symmetrical, large motifs, hyper realistic, 8k image, 3D, supersharp,Art nouveau 3D curves and swirls, Glass and Gold pipes, photorealistic colorful flower bouquets silk"
403,"shiny aluminum rocket ship in cosmic space by tim hildebrandt, wayne barlowe, bruce pennington, donato giancola, larry elmore, fleet, star wars, naboo 1, v wing, b - 2 bomber, jet engines, concorde, world war 2, masterpiece, trending on artstation, cinematic composition, beautiful"
404,"concept art of giant translucent glowing jellyfishes, lovecraftian divers helmet, lots of teeth, melting horror, round moon, rich clouds, fighting the horrors of the unknown, high resolution, very detailed, volumetric light, mist, grim, fine art, decaying, textured oil over canvas, epic fantasy"
405,"full-body cyberpunk style sculpture of a young handsome Colombian prince half android with a chest opening exposing circuitry and electric sparks, glowing pink eyes, crown of blue flowers, flowing salmon-colored silk, fabric, raptors. baroque elements. full-length view. baroque element. intricate artwork by"
406,"breathtaking Female Portrait by Miho Hirano, ilya kuvshinov, alphonse mucha, realistic, detailed, blue, green tonalities, beautiful collage technique including flora, branches, birds, butterflies, ornate background, beautiful Fantasy detailed trending on artstation, oil painting,Dramatic lighting, ethereal , high quality print, fine art with"
407,"!dream aesthetic portrait commission of an albino male furry anthro lion with lavender and mint glowing orbs of light illuminating the lions face, Atmospheric. Character design by charlie bowater, ross tran, artgerm, and makoto shinkai, detailed, inked, western comic book art, 2021"
408,"a half otter half man creature holding a microphone,anthropomorphic,Character design by charlie bowater, ross tran, artgerm, and makoto shinkai, detailed, inked, western comic book art, 2021 award winning painting,digital art,ultra realistic,ultra detailed,art by greg rutkowski,photorealiatic,hyperdetailed,hyperrealistic,studio lighting,studio photography,professional photography,professional lighting,detailed face,3 point lighting,4k.-n"
409,"a beautiful render of absolutely beautiful princess that wear rose flower wedding gothic lolita dress clothing stay in blooming flower house alone, a beautiful face, dazzling light beam penetrated through the window, perfectly shaded, atmospheric lighting, style of makoto shinkai, raphael lacoste,"
410,"full-body cyberpunk style sculpture of a young handsome Colombian prince half android with a chest opening exposing circuitry and electric sparks, glowing pink eyes, crown of blue flowers, flowing salmon-colored silk, fabric, raptors. baroque elements. full-length view. baroque element. intricate artwork by caravaggio."
411,"full-body baroque and cyberpunk style sculpture of a young handsome Spanish prince half android with a chest opening exposing circuitry and blue electric sparks, glowing pink laser eyes, crown of peach roses, flowing teal-colored silk, fabric, flowers. baroque elements, human skull. full-length view."
412,"award winning emotional heartbreaking full body photo of adolf hitler puking blood, male, india third eye tika, draped in shiny golden oil, red lipstick, tease, flowers and gold, vivid colors, weird and disturbing, symmetrical face, neon lights, studio lighting, wide shot art by"
413,"Oil painting - She Eats of the Strangling Fruit and Her gossamer polyp blossoms bring iridescent fungal flowers whose spores black the foolish stars by Lucian Freud, Abstract brush strokes, Masterpiece, Edward Hopper and James Gilleard, Zdzislaw Beksinski, Mark Ryden, Wolfgang Lettl highly"
414,"bemused to be locked in a leather neck restraint, Tifa Lockhart in a black silk tank top in a full frame zoom up of her face and neck, looking upwards in a room of old ticking clocks, complex artistic color ink pen sketch"
415,"a beautiful render of absolutely beautiful princess that wear rose flower wedding gothic lolita dress clothing stay in blooming flower house alone, a beautiful face, dazzling light beam penetrated through the window, perfectly shaded, atmospheric lighting, style of makoto shinkai, raphael lacoste, louis"
416,"portrait of a sexy girl pilot of a battlemech, bipedal mech is on fire, sunset glow around head, intricate, elegant, highly detailed, digital painting, artstation, concept art, smooth, sharp focus, illustration, art by artgerm and greg rutkowski and alphonse mucha, background is a"
417,"a detailed 3 d render of a frightening egyptian demon wearing cyberpunk warrior armor in the style of stephen gammall and escher, william blake, rembrandt, raphael, giger, junji ito, artstation, crisp image, award - winning art, 8 k, vivid color scheme, tilt shift"
418,"beautiful mannequin sculpted out of amethyst by billelis + lit with 3 d geometric neon + facing a doorway opening with neon pink geometric fractal light + city of los angeles + moon in background!, rule of thirds, clean linework, dramatic, award winning,"
419,"symmetry!! stunning portrait of harley quinn!! by victo ngai, kilian eng vibrant colors, dynamic lighting, digital art, winning award masterpiece, fantastically beautiful, illustration, aestheticly inspired by beksinski and dan mumford, upscale with simon stalenhag work, trending on artstation, art by artgerm and greg"
420,"breathtaking Female Portrait by Miho Hirano, ilya kuvshinov, alphonse mucha, realistic, detailed, blue, green tonalities, beautiful collage technique including flora, branches, birds, butterflies, ornate background, beautiful Fantasy detailed trending on artstation, oil painting,Dramatic lighting, ethereal , high quality print, fine art with subtle redshift"
421,"sharp, highly detailed, film from a 2 0 1 9 sci fi 8 k movie, set in 1 8 6 0, family standing in a park on a strange alien planet, surrounded by alien plants and flowers, wearing 1 8 6 0 s clothes,"
422,"beautiful mannequin sculpted out of amethyst by billelis + lit with 3 d geometric neon + facing a doorway opening with neon pink geometric fractal light + city of los angeles + moon in background!, rule of thirds, clean linework, dramatic, award winning, 4"
423,"Oil painting - She Eats of the Strangling Fruit and Her gossamer polyp blossoms bring iridescent fungal flowers whose spores black the foolish stars by Lucian Freud, Abstract brush strokes, Masterpiece, Edward Hopper and James Gilleard, Zdzislaw Beksinski, Mark Ryden, Wolfgang Lettl highly detailed,"
424,"breathtaking detailed concept art painting blend of two redhair goddess of light blue flowers by hsiao - ron cheng with anxious piercing eyes, vintage illustration pattern with bizarre compositions blend of flowers and fruits and birds by beto val and john james audubon, exquisite"
425,"a beautiful render of absolutely beautiful princess that wear rose flower wedding gothic lolita dress clothing stay in blooming flower house alone, a beautiful face, dazzling light beam penetrated through the window, perfectly shaded, atmospheric lighting, style of makoto shinkai, raphael lacoste, louis comfort"
426,"a portrait of milla jovovich and david bowie as barbarella wearing a rocknroll glamour spacesuit, beautiful, heroic action pose, soft focus, depth of field, stunning alien landscape, cinematic, film grain, wide shot, in the style of kubrick, ridley scott, jodorowsky, dune, star wars, unreal"
427,"portrait of a sexy girl pilot of a battlemech, bipedal mech is on fire, sunset glow around head, intricate, elegant, highly detailed, digital painting, artstation, concept art, smooth, sharp focus, illustration, art by artgerm and greg rutkowski and alphonse mucha, background is a city"
428,"shiny aluminum rocket ship in cosmic space by tim hildebrandt, wayne barlowe, bruce pennington, donato giancola, larry elmore, fleet, star wars, naboo 1, v wing, b - 2 bomber, jet engines, concorde, world war 2, masterpiece, trending on artstation, cinematic composition, beautiful lighting, sharp,"
429,"a detailed 3 d render of a frightening egyptian demon wearing cyberpunk warrior armor in the style of stephen gammall and escher, william blake, rembrandt, raphael, giger, junji ito, artstation, crisp image, award - winning art, 8 k, vivid color scheme, tilt shift focus,"
430,"full body pose, hyperrealistic mixed media painting of female anarchist, dim volumetric lighting, 8 k, octane detailed render, extremely hyper detailed, intricate, epic composition, cinematic lighting, masterpiece, trending on artstation, very very detailed, masterpiece, stunning, hdr, smooth, sharp focus, high resolution, award, winning photo, dslr,"
431,Full shot of Kpop boy idol with an eyeball instead of head performing on stage. Orb Head. Sphere Head. Eyeball Head. BTS. Eye exam. Friendly horror. Realistic. Wonho. y Ruan Jia and Artgerm and Range Murata and WLOP and Ross Tran and William-Adolphe Bouguereau. Key
432,"A closeup portrait of a lone solitary cerulean and brown decaying futuristic robot seated on a torn couch facing a cozy fire in a beautiful fireplace in a dusty Victorian home, soft morning light seeping in a window, with cinematic lighting and lens flare, tall"
433,"bemused to be locked in a leather neck restraint, Tifa Lockhart in a black silk tank top in a full frame zoom up of her face and neck, looking upwards in a room of old ticking clocks, complex artistic color ink pen sketch illustration, subtle"
434,"Oil painting - She Eats of the Strangling Fruit and Her gossamer polyp blossoms bring iridescent fungal flowers whose spores black the foolish stars by Lucian Freud, Abstract brush strokes, Masterpiece, Edward Hopper and James Gilleard, Zdzislaw Beksinski, Mark Ryden, Wolfgang Lettl highly detailed, hints"
435,"a beautiful render of absolutely beautiful princess that wear rose flower wedding gothic lolita dress clothing stay in blooming flower house alone, a beautiful face, dazzling light beam penetrated through the window, perfectly shaded, atmospheric lighting, style of makoto shinkai, raphael lacoste, louis comfort tiffany,"
436,"award winning emotional heartbreaking full body photo of adolf hitler puking blood, male, india third eye tika, draped in shiny golden oil, red lipstick, tease, flowers and gold, vivid colors, weird and disturbing, symmetrical face, neon lights, studio lighting, wide shot art by sally mann"
437,Colour Caravaggio style Photography of Highly detailed beautiful Woman with 1000 years perfect face and wearing detailed Ukrainian folk costume designed by Taras Shevchenko also wearing highly detailed futuristic VR headset designed by Josan Gonzalez. Many details In style of Josan Gonzalez and Mike Winkelmann
438,"symmetry!! stunning portrait of harley quinn!! by victo ngai, kilian eng vibrant colors, dynamic lighting, digital art, winning award masterpiece, fantastically beautiful, illustration, aestheticly inspired by beksinski and dan mumford, upscale with simon stalenhag work, trending on artstation, art by artgerm and greg rutkowski, 8"
439,"a full head photoshot, detailed photograph of a dreaming samurai warrior in a distance japanese temple mountain landscape, photorealism ultradetailed digital art, irina french, heraldo ortega, mandy jurgens, golden ratio, art canvas, award winning, masterpiece trending on artstation 8 k 1 5 0 mpx, hasselblade"
440,"portrait of a woman by greg rutkowski, blue skin, pretty, she wears a band on her forehead, evil energy, wearing black robes, twisted smile, star wars expanded universe, he is about 3 0 years old, highly detailed portrait, digital painting, artstation, concept art, smooth, sharp foccus"
441,"glamorous and sexy japanese schoolgirl, beautiful, pearlescent skin, natural beauty, seductive eyes and face, elegant girl, lacivious pose, natural beauty, very detailed face, seductive lady, sexy push up bras, pale and coloured kimono, photorealism, summer vibrancy, cinematic, a portrait by artgerm, rossdraws, Norman Rockwell, magali villeneuve,"
442,"close up shot of a spheric sci fi probe, sharp focus, concept art, very detailed, very realistic, trending on artstation, in the style of star citizen, star wars, overwatch, beautiful, sci fi, cinematic shot, great composition, dynamic light, atmosphere, wojtek kapusta, jonathan ching, edgaras cernikas, scott"
443,"highly detailed portrait of a sewerpunk lady student, blue eyes, tartan hoody, hat, white hair by atey ghailan, by greg rutkowski, by greg tocchini, by james gilleard, by joe fenton, by kaethe butcher, gradient yellow, black, brown and cyan color scheme, grunge aesthetic!!! ( ( graffiti"
444,"Oil painting - She Eats of the Strangling Fruit and Her gossamer polyp blossoms bring iridescent fungal flowers whose spores black the foolish stars by Lucian Freud, Abstract brush strokes, Masterpiece, Edward Hopper and James Gilleard, Zdzislaw Beksinski, Mark Ryden, Wolfgang Lettl highly detailed, hints of"
445,"hyperrealistic detailed image of a geisha in a art installation room, hd smooth interior by yayoi kusama, part by kei mieno, part by ross tran, dark art by james jean, ultra realistic, highly detailed, life like face, detailed body, 8 k, 3 d render by roger"
446,"shiny aluminum rocket ship in cosmic space by tim hildebrandt, wayne barlowe, bruce pennington, donato giancola, larry elmore, fleet, star wars, naboo 1, v wing, b - 2 bomber, jet engines, concorde, world war 2, masterpiece, trending on artstation, cinematic composition, beautiful lighting, sharp, details, hd,"
447,"Oil painting - She Eats of the Strangling Fruit and Her gossamer polyp blossoms bring iridescent fungal flowers whose spores black the foolish stars by Lucian Freud, Abstract brush strokes, Masterpiece, Edward Hopper and James Gilleard, Zdzislaw Beksinski, Mark Ryden, Wolfgang Lettl highly detailed, hints of"
448,"award winning emotional heartbreaking full body photo of adolf hitler puking blood, male, india third eye tika, draped in shiny golden oil, red lipstick, tease, flowers and gold, vivid colors, weird and disturbing, symmetrical face, neon lights, studio lighting, wide shot art by sally mann &"
449,Colour Caravaggio style Photography of Highly detailed beautiful Woman with 1000 years perfect face and wearing detailed Ukrainian folk costume designed by Taras Shevchenko also wearing highly detailed futuristic VR headset designed by Josan Gonzalez. Many details In style of Josan Gonzalez and Mike Winkelmann and
